39,yes,no,skiing:knitting:dancing,220 W 42nd St New York NY,43,no,yes,soccer:reading:scrabble,824 3rd Ave New York NY,0,0.9050496820002576
23,no,no,football:fashion,102 1st Ave New York NY,30,no,no,snowboarding:knitting:computers:shopping:tv:travel,151 W 34th St New York NY,1,1.6624974050348758
50,no,no,fashion:opera:tv:travel,686 Avenue of the Americas New York NY,49,yes,yes,soccer:fashion:photography:computers:camping:movies:tv,824 3rd Ave New York NY,0,1.5571429421515488
46,no,yes,skiing:reading:knitting:writing:shopping,154 7th Ave New York NY,19,no,no,dancing:opera:travel,1560 Broadway New York NY,0,1.3523685401742325
36,yes,yes,skiing:knitting:camping:writing:cooking,151 W 34th St New York NY,29,no,yes,art:movies:cooking:scrabble,966 3rd Ave New York NY,1,1.3749834981306053
27,no,no,snowboarding:knitting:fashion:camping:cooking,27 3rd Ave New York NY,19,yes,yes,football:computers:writing,14 E 47th St New York NY,0,1.940364870050905
36,no,no,cooking,208 Varick St New York NY,25,no,yes,snowboarding:computers:scrabble,451 Lexington Ave New York NY,0,2.3387139200957185
41,yes,yes,snowboarding:football:reading:fashion:computers:camping:writing,26 Bowery New York NY,23,yes,no,skiing:football:movies:opera:shopping:travel,151 W 34th St New York NY,0,2.489973845986579
21,no,no,snowboarding:football:camping:travel,2049 Broadway New York NY,18,yes,no,skiing:snowboarding:reading:fashion:art:animals:camping,1560 Broadway New York NY,1,1.298963666829933
39,no,yes,soccer:dancing:writing:shopping:tv:scrabble,556 7th Ave New York NY,21,no,no,football:photography:scrabble,2049 Broadway New York NY,0,1.612159511024166
24,no,no,snowboarding:computers,14 E 47th St New York NY,41,no,yes,soccer:reading:shopping:tv:cooking:scrabble,966 3rd Ave New York NY,0,0.6429530499150673
34,yes,yes,animals,2049 Broadway New York NY,33,no,yes,photography:dancing:travel,336 E 23rd St New York NY,1,2.7707722746550023
18,no,no,fashion:shopping,154 7th Ave New York NY,47,no,yes,football:computers:opera:travel:cooking,1286 1st Ave New York NY,0,2.6993529215458394
39,no,yes,skiing:computers:shopping:tv,102 1st Ave New York NY,20,no,no,soccer:reading:camping:opera,2271 Broadway New York NY,0,4.0948877540118405
43,no,yes,skiing:soccer:scrabble,336 E 23rd St New York NY,35,no,yes,reading:knitting:camping,966 3rd Ave New York NY,1,1.7468150452240423
30,no,no,soccer:photography:dancing:travel:scrabble,600 W 125th St New York NY,31,yes,yes,reading:animals,404 E 14th St New York NY,0,5.9820068291502295
35,no,no,football:dancing:scrabble,1188 Avenue of the Americas New York NY,32,no,yes,art:dancing:writing:shopping:tv,1560 Broadway New York NY,0,0.17137058487397092
27,yes,yes,skiing:photography:computers:cooking,208 Varick St New York NY,44,no,no,skiing:snowboarding:football:knitting:photography:dancing,208 Varick St New York NY,0,0.0
30,no,no,soccer:running:art:dancing:tv:travel:scrabble,686 Avenue of the Americas New York NY,43,no,no,soccer:fashion:photography:camping:writing:shopping,3794 Broadway New York NY,1,6.898128987624307
33,no,yes,snowboarding:photography:opera:tv:cooking,2271 Broadway New York NY,50,no,yes,skiing:running:computers:tv:scrabble,1188 Avenue of the Americas New York NY,1,1.9326827879347461
24,no,yes,dancing:scrabble,151 W 34th St New York NY,38,no,no,reading:scrabble,27 3rd Ave New York NY,0,1.4294123279179756
49,no,yes,soccer:reading:art:shopping:tv,686 Avenue of the Americas New York NY,49,no,no,skiing:snowboarding:soccer:football:reading:art:cooking:scrabble,208 Varick St New York NY,1,1.111784293154885
34,no,no,art:movies:opera:writing,556 7th Ave New York NY,28,no,yes,reading:fashion:computers,220 W 42nd St New York NY,0,0.11660601662414914
38,no,yes,running:fashion:cooking,686 Avenue of the Americas New York NY,25,no,no,skiing:snowboarding:animals:camping:dancing:movies:writing,2049 Broadway New York NY,0,2.5303633247623716
50,no,no,running:photography:art:cooking:scrabble,1560 Broadway New York NY,34,no,yes,snowboarding:football:running:reading:knitting:art:computers:cooking,1560 Broadway New York NY,1,0.0
29,no,no,photography:dancing:movies,404 E 14th St New York NY,45,no,yes,skiing:football:knitting:photography:dancing,27 3rd Ave New York NY,0,0.4057550421446678
43,no,yes,soccer:art:animals:camping:movies,39 Union sq W New York NY,20,no,no,fashion:travel,2049 Broadway New York NY,0,2.8619530987090527
41,no,no,camping,688 8th Ave New York NY,34,no,no,reading:fashion:art,556 7th Ave New York NY,1,0.2536181638381201
48,yes,yes,snowboarding:running:reading:photography:computers:animals:movies:opera:travel,3794 Broadway New York NY,45,no,yes,knitting:camping,14 E 47th St New York NY,1,5.679928410727523
39,no,no,reading:computers:animals,102 1st Ave New York NY,33,no,yes,skiing:snowboarding:soccer:photography:dancing:tv,541 Avenue of the Americas New York NY,0,0.9529370923822927
31,no,yes,skiing:snowboarding:reading:photography:camping:tv:cooking,2049 Broadway New York NY,32,yes,no,knitting:photography:travel:cooking,102 1st Ave New York NY,0,3.530841172830829
33,no,yes,skiing:soccer:football:reading:knitting:art:shopping:scrabble,336 E 23rd St New York NY,46,yes,no,opera:tv:travel:scrabble,966 3rd Ave New York NY,0,1.7468150452240423
25,no,no,skiing:knitting:photography:scrabble,208 Varick St New York NY,28,no,no,football:reading:camping:scrabble,3794 Broadway New York NY,1,7.988306053020001
47,yes,yes,football:fashion:computers,427 10th Ave New York NY,19,no,no,photography:scrabble,39 Union sq W New York NY,0,1.3075477258985067
18,no,no,fashion:photography:animals,2271 Broadway New York NY,23,no,yes,reading:art:computers:movies:writing,1560 Broadway New York NY,0,1.8707524051184932
20,no,yes,running:movies:opera:writing:tv:scrabble,1286 1st Ave New York NY,26,no,no,running:animals:camping:tv:cooking:scrabble,556 7th Ave New York NY,0,1.802466013888609
24,no,yes,knitting:photography,1083 2nd Ave New York NY,49,no,yes,skiing:running:photography:art:animals:camping:movies:writing:shopping,2049 Broadway New York NY,0,1.5422043316550837
28,no,yes,art:camping:dancing,208 Varick St New York NY,45,no,no,photography:travel,39 Union sq W New York NY,0,0.9513831824083282
39,no,yes,skiing:running:art:writing:scrabble,541 Avenue of the Americas New York NY,45,no,no,football:opera:tv,1560 Broadway New York NY,0,1.5880545475471
27,no,no,opera:writing:shopping:scrabble,1083 2nd Ave New York NY,41,no,yes,football:animals:camping:cooking,1083 2nd Ave New York NY,0,0.0
32,yes,no,football:fashion:photography:animals:tv:cooking,427 10th Ave New York NY,31,no,no,snowboarding:photography:travel,336 E 23rd St New York NY,1,1.5527989908071889
47,no,no,skiing:snowboarding:soccer:knitting:dancing:travel,1188 Avenue of the Americas New York NY,37,no,no,animals:writing,1286 1st Ave New York NY,1,1.428995203862902
28,no,no,skiing:art:writing,14 E 47th St New York NY,41,no,yes,skiing:snowboarding:writing,220 W 42nd St New York NY,0,0.5214154835009716
34,no,no,skiing:snowboarding:soccer:camping:travel:cooking,3794 Broadway New York NY,19,no,yes,soccer:camping:scrabble,824 3rd Ave New York NY,0,5.588414007814736
39,yes,yes,reading:photography:dancing:movies:writing:travel,1286 1st Ave New York NY,45,no,yes,reading:computers:movies:scrabble,427 10th Ave New York NY,1,2.3654471641343573
25,no,no,snowboarding:football:camping:travel,688 8th Ave New York NY,28,no,no,football:photography:computers:dancing:cooking,541 Avenue of the Americas New York NY,1,1.4720474850360385
47,no,yes,skiing:reading:cooking,600 W 125th St New York NY,29,no,no,soccer:writing:cooking,966 3rd Ave New York NY,0,3.8325334433019016
30,no,yes,football:photography:shopping:tv,154 7th Ave New York NY,48,no,yes,snowboarding:fashion:computers:cooking:scrabble,2271 Broadway New York NY,1,3.1782204044748337
48,no,yes,skiing:snowboarding:soccer:knitting:dancing:opera:writing:shopping:travel:scrabble,208 Varick St New York NY,35,no,no,skiing:fashion:art:computers:writing,556 7th Ave New York NY,0,2.0155575819674056
24,no,yes,soccer,556 7th Ave New York NY,44,no,yes,fashion:dancing:tv,427 10th Ave New York NY,0,0.6018147977300149
32,no,no,reading:fashion:photography:art:camping:dancing,154 7th Ave New York NY,50,no,no,football:computers:movies:opera,90 Maiden Ln New York NY,1,2.459413377498246
47,no,no,soccer:running:reading:fashion:dancing:opera:scrabble,556 7th Ave New York NY,19,yes,yes,skiing:snowboarding:football:knitting:dancing:scrabble,600 W 125th St New York NY,0,4.50895482064793
27,no,no,soccer:running:knitting:fashion:movies:tv:scrabble,208 Varick St New York NY,24,no,no,skiing:photography:dancing,39 Union sq W New York NY,1,0.9513831824083282
18,yes,no,art:computers:camping:dancing:cooking,451 Lexington Ave New York NY,34,no,no,animals:camping:writing,90 Maiden Ln New York NY,0,3.6201016971087903
26,no,yes,snowboarding:football:dancing:tv,451 Lexington Ave New York NY,46,yes,yes,skiing:computers,686 Avenue of the Americas New York NY,0,1.2551099459704638
49,no,no,running:reading,686 Avenue of the Americas New York NY,40,no,yes,soccer:camping:writing,336 E 23rd St New York NY,0,0.7796737968567072
32,no,no,soccer,404 E 14th St New York NY,36,no,no,skiing:running:knitting:animals:movies:travel:cooking,556 7th Ave New York NY,1,1.645647603887479
27,no,no,soccer:knitting:art:writing,824 3rd Ave New York NY,36,yes,yes,snowboarding:soccer:running:photography:art:computers:writing:travel:cooking,1286 1st Ave New York NY,1,0.9788126462322383
42,no,yes,skiing:photography:computers:camping:opera:cooking,2049 Broadway New York NY,35,no,no,skiing:snowboarding:reading:art:travel,824 3rd Ave New York NY,0,1.6050642630019774
49,yes,yes,skiing:camping:movies,26 Bowery New York NY,26,no,no,skiing:running:knitting:opera,39 Union sq W New York NY,0,1.5385915847318248
36,no,yes,football:photography:art:computers:camping:writing:shopping:tv,1083 2nd Ave New York NY,18,no,yes,skiing:travel:cooking:scrabble,404 E 14th St New York NY,1,2.147924098096192
20,no,yes,skiing:football:running:writing,404 E 14th St New York NY,32,no,yes,soccer:art:animals:opera:tv,1188 Avenue of the Americas New York NY,0,1.827755676909044
36,no,yes,knitting:camping:opera:tv:travel,39 Union sq W New York NY,22,no,no,soccer:knitting:photography:art:dancing:writing:shopping,27 3rd Ave New York NY,0,0.47673342701043014
35,no,yes,knitting:art:tv,1499 3rd Ave New York NY,41,no,no,reading:photography:art:animals:movies:opera:shopping,102 1st Ave New York NY,0,3.9114553292567478
41,no,no,skiing:snowboarding:soccer:knitting:fashion,556 7th Ave New York NY,20,yes,no,skiing:art,39 Union sq W New York NY,1,1.2519081721532732
24,yes,no,snowboarding:computers:travel,14 E 47th St New York NY,21,no,no,soccer:fashion:camping:movies:shopping:travel:scrabble,2049 Broadway New York NY,1,1.4842682754869563
18,no,yes,skiing:soccer:running:movies:scrabble,1083 2nd Ave New York NY,47,yes,yes,skiing:photography:movies:shopping:tv:cooking,686 Avenue of the Americas New York NY,0,1.9219970310263632
32,no,no,writing:tv:travel,90 Maiden Ln New York NY,26,no,yes,skiing:running:fashion:computers,1083 2nd Ave New York NY,0,4.249045000268941
21,yes,yes,knitting:camping:tv:scrabble,1286 1st Ave New York NY,19,yes,yes,soccer:reading:photography:movies:travel,2271 Broadway New York NY,1,1.7692917926164995
49,no,yes,skiing:soccer:knitting:art:shopping:tv:scrabble,208 Varick St New York NY,35,no,no,dancing:cooking,336 E 23rd St New York NY,0,1.4737998350141956
41,yes,yes,football:running:fashion:cooking,824 3rd Ave New York NY,44,no,yes,running:travel,404 E 14th St New York NY,1,1.827388935809359
40,no,yes,football:scrabble,39 Union sq W New York NY,30,no,yes,snowboarding:knitting:fashion:animals:movies,14 E 47th St New York NY,1,1.5211056444906108
32,yes,no,camping,451 Lexington Ave New York NY,29,no,yes,running:fashion:animals:movies:opera:tv:travel,1499 3rd Ave New York NY,0,2.0081661840057023
48,no,yes,skiing:snowboarding:camping:shopping:cooking,1560 Broadway New York NY,29,no,no,soccer:reading:knitting:cooking,1560 Broadway New York NY,0,0.0
50,no,no,art:tv,336 E 23rd St New York NY,19,no,yes,snowboarding:soccer:reading,102 1st Ave New York NY,0,0.822570229092553
48,no,no,soccer:football:knitting:photography:writing:cooking,556 7th Ave New York NY,33,yes,no,snowboarding:fashion:photography:computers:movies:scrabble,336 E 23rd St New York NY,1,1.2590876538479092
50,no,no,travel,39 Union sq W New York NY,45,no,no,soccer:animals:dancing:cooking,336 E 23rd St New York NY,1,0.5692403195975498
22,no,yes,soccer:reading:fashion:movies:opera:travel,1083 2nd Ave New York NY,24,no,no,camping:tv,688 8th Ave New York NY,0,1.2658451501872559
41,no,no,soccer:reading:art:movies:tv,90 Maiden Ln New York NY,31,no,no,football:running:cooking,39 Union sq W New York NY,1,2.2271992239134266
49,no,no,running,39 Union sq W New York NY,27,yes,yes,soccer:art:writing:travel,1560 Broadway New York NY,0,1.5656846593485219
28,no,yes,running:opera:scrabble,90 Maiden Ln New York NY,47,no,no,running:reading:camping:travel:cooking,966 3rd Ave New York NY,0,4.278082718805663
19,yes,no,football:running:computers:camping:opera:tv:cooking,26 Bowery New York NY,34,no,no,snowboarding:running:reading:dancing:movies:tv:travel:cooking,451 Lexington Ave New York NY,0,2.8904597822281852
26,no,yes,knitting:fashion:dancing:movies:opera:writing,151 W 34th St New York NY,33,no,yes,snowboarding:reading:writing:shopping:travel,3794 Broadway New York NY,1,6.271907172566377
28,no,yes,knitting:art:computers:camping:dancing,824 3rd Ave New York NY,26,no,yes,skiing:football:running:computers:opera,14 E 47th St New York NY,1,0.3838604569396169
21,no,no,soccer:reading:fashion:camping:shopping,154 7th Ave New York NY,30,no,yes,skiing:running:fashion:shopping:tv:cooking,2271 Broadway New York NY,0,3.1782204044748337
50,no,yes,skiing:reading:fashion:opera:tv:scrabble,966 3rd Ave New York NY,21,no,no,knitting,1499 3rd Ave New York NY,0,1.34748371709225
42,no,yes,skiing:snowboarding:opera:writing:tv,154 7th Ave New York NY,48,no,yes,photography:computers:opera:cooking:scrabble,688 8th Ave New York NY,1,1.2172017235268033
27,no,no,running:photography:computers:camping:writing:tv,90 Maiden Ln New York NY,24,yes,yes,knitting:movies,2271 Broadway New York NY,0,5.630639975306199
18,no,yes,soccer:reading:knitting:opera:tv,336 E 23rd St New York NY,22,yes,yes,snowboarding:football:photography:tv:cooking,102 1st Ave New York NY,0,0.822570229092553
21,no,yes,skiing:football:running:computers,26 Bowery New York NY,40,no,yes,movies:opera:tv,541 Avenue of the Americas New York NY,0,1.5765324643327394
28,no,no,soccer:reading:knitting:camping:movies:writing:travel:cooking,151 W 34th St New York NY,18,no,no,skiing:running:computers:camping:opera,1188 Avenue of the Americas New York NY,1,0.6313296746247302
27,no,no,soccer:fashion:computers:shopping:scrabble,14 E 47th St New York NY,21,yes,yes,snowboarding:soccer:football:knitting:computers:cooking,451 Lexington Ave New York NY,0,0.2724302103603945
37,yes,yes,football:computers:opera:tv:cooking,90 Maiden Ln New York NY,42,no,yes,skiing:reading:fashion:camping:tv:scrabble,39 Union sq W New York NY,1,2.2271992239134266
26,yes,no,skiing:football:running:fashion:photography:dancing:opera,1083 2nd Ave New York NY,35,no,no,knitting,1499 3rd Ave New York NY,1,1.3863129536453194
31,no,no,skiing:football:reading:knitting:art:movies:opera:cooking,208 Varick St New York NY,29,no,no,soccer:reading:photography,27 3rd Ave New York NY,1,0.8282473049209129
20,yes,yes,soccer:running:dancing:writing:travel,3794 Broadway New York NY,31,no,no,,14 E 47th St New York NY,0,5.679928410727523
34,no,no,soccer:art:opera:scrabble,220 W 42nd St New York NY,34,no,yes,camping:movies,1083 2nd Ave New York NY,0,1.2078186854447177
47,no,yes,soccer,1560 Broadway New York NY,38,no,yes,snowboarding:soccer:computers:dancing:movies,688 8th Ave New York NY,1,0.22635612766385768
36,no,yes,art:dancing:scrabble,2049 Broadway New York NY,35,no,yes,fashion,427 10th Ave New York NY,1,1.8417342506913257
30,no,no,fashion:cooking,404 E 14th St New York NY,21,no,no,reading:movies,824 3rd Ave New York NY,1,1.827388935809359
27,no,no,knitting:art:writing,90 Maiden Ln New York NY,19,no,yes,skiing:snowboarding:soccer:running:fashion:camping:writing:scrabble,26 Bowery New York NY,0,0.7700283932306271
37,no,yes,skiing,154 7th Ave New York NY,33,yes,no,fashion:dancing:shopping:tv:travel,404 E 14th St New York NY,0,1.0800096982790273
31,no,yes,dancing:travel:scrabble,541 Avenue of the Americas New York NY,35,no,yes,knitting:fashion:photography:cooking,27 3rd Ave New York NY,1,0.6578142872355498
37,no,yes,football:computers:dancing:shopping:travel:scrabble,26 Bowery New York NY,43,yes,yes,running:tv:cooking,427 10th Ave New York NY,1,2.7297575158609595
23,no,no,snowboarding:shopping:travel:scrabble,541 Avenue of the Americas New York NY,39,no,no,running:photography:cooking,3794 Broadway New York NY,0,7.232918244778262
19,no,yes,reading:photography:travel:cooking,26 Bowery New York NY,32,no,no,animals:scrabble,451 Lexington Ave New York NY,0,2.8904597822281852
22,no,yes,skiing:soccer:knitting:tv,90 Maiden Ln New York NY,28,no,no,snowboarding:knitting:fashion:photography:computers:dancing:opera:scrabble,26 Bowery New York NY,0,0.7700283932306271
44,no,yes,running:reading:opera,404 E 14th St New York NY,20,no,yes,reading:photography:animals:camping:movies:tv:cooking:scrabble,451 Lexington Ave New York NY,0,1.5656963673973803
48,no,yes,art:movies:opera,688 8th Ave New York NY,23,no,yes,knitting:dancing:movies:opera:shopping:tv:cooking,686 Avenue of the Americas New York NY,0,1.146964489651101
31,no,yes,football:writing:tv,14 E 47th St New York NY,27,no,no,skiing:knitting:opera:shopping:travel:scrabble,208 Varick St New York NY,0,2.4026171222989983
26,yes,yes,fashion:photography:opera,90 Maiden Ln New York NY,30,no,no,animals:opera:writing:tv:cooking,3794 Broadway New York NY,0,9.41259088334948
45,no,no,skiing:snowboarding:photography:camping:tv:travel,1499 3rd Ave New York NY,42,no,yes,running:tv:cooking,102 1st Ave New York NY,0,3.9114553292567478
37,no,yes,skiing:running:art:dancing:opera,39 Union sq W New York NY,45,yes,no,snowboarding:knitting:movies,336 E 23rd St New York NY,0,0.5692403195975498
47,no,no,skiing:football:reading:tv,427 10th Ave New York NY,47,no,no,football:fashion,404 E 14th St New York NY,1,1.8351214552592623
47,no,no,soccer:fashion:dancing:opera:shopping:cooking,1499 3rd Ave New York NY,30,no,yes,soccer:running:reading:animals,427 10th Ave New York NY,0,2.864761144305634
19,no,no,snowboarding:running:photography:cooking:scrabble,27 3rd Ave New York NY,34,yes,no,running:reading:tv,404 E 14th St New York NY,0,0.4057550421446678
35,no,no,reading:camping:opera:cooking:scrabble,1560 Broadway New York NY,30,no,yes,football:animals:shopping:travel:cooking,556 7th Ave New York NY,0,0.3346511557424562
44,yes,no,soccer:football:camping:movies:travel:scrabble,1188 Avenue of the Americas New York NY,34,no,no,reading:knitting:fashion:travel,3794 Broadway New York NY,1,5.666318123970427
41,no,yes,football:fashion:animals:movies,1560 Broadway New York NY,32,yes,yes,tv:cooking:scrabble,1286 1st Ave New York NY,1,1.539979385418576
26,no,no,,966 3rd Ave New York NY,37,yes,yes,soccer:fashion:art:computers:writing:tv:travel,151 W 34th St New York NY,0,1.3749834981306053
28,no,yes,snowboarding:reading:fashion:photography:writing:shopping:travel,26 Bowery New York NY,50,yes,no,art:tv,451 Lexington Ave New York NY,0,2.8904597822281852
47,no,yes,skiing:camping:opera:tv:scrabble,90 Maiden Ln New York NY,48,no,no,reading:photography:camping:dancing:movies:shopping:travel,1188 Avenue of the Americas New York NY,0,3.7462922047547322
38,no,yes,football:photography:tv,151 W 34th St New York NY,32,no,no,skiing:soccer:computers:camping:movies:travel,427 10th Ave New York NY,0,0.5931788517683297
41,no,no,camping:writing,154 7th Ave New York NY,26,no,no,skiing:snowboarding:computers:animals:writing,556 7th Ave New York NY,1,1.0177187145331632
49,no,yes,skiing:snowboarding:football:fashion:computers:camping:dancing:shopping:travel,404 E 14th St New York NY,50,yes,yes,skiing:running:knitting:fashion:art:animals:scrabble,3794 Broadway New York NY,1,7.409339377383508
19,no,no,soccer:fashion:animals,824 3rd Ave New York NY,28,yes,no,skiing:running:knitting:fashion:computers:camping:tv,427 10th Ave New York NY,0,1.527867089847601
30,yes,no,fashion:dancing,39 Union sq W New York NY,23,no,no,fashion:photography:animals:tv,102 1st Ave New York NY,1,0.7395369666258705
34,no,yes,snowboarding:soccer:knitting:art:computers:animals:shopping,220 W 42nd St New York NY,40,no,yes,animals:travel,1286 1st Ave New York NY,1,1.7400046765956356
43,no,no,fashion:writing:tv,154 7th Ave New York NY,23,no,no,,1188 Avenue of the Americas New York NY,0,1.3651023699872702
19,no,no,reading:animals:camping:opera:cooking,2271 Broadway New York NY,34,yes,no,snowboarding:football:fashion:photography:computers:camping,102 1st Ave New York NY,0,4.0948877540118405
48,no,yes,soccer:fashion:photography:art:computers:animals:movies:scrabble,600 W 125th St New York NY,48,yes,yes,running:fashion:cooking,154 7th Ave New York NY,1,5.51671309054116
36,no,yes,soccer:animals:shopping,90 Maiden Ln New York NY,41,no,no,football:knitting:computers:opera:writing:cooking,26 Bowery New York NY,0,0.7700283932306271
48,no,no,skiing:fashion:camping:writing:tv,2049 Broadway New York NY,31,yes,no,fashion:dancing:movies,220 W 42nd St New York NY,1,1.4956936029923655
31,no,no,skiing:soccer:football:animals:opera:scrabble,556 7th Ave New York NY,44,no,yes,football:computers,14 E 47th St New York NY,0,0.5506572568019633
23,no,yes,movies:opera:writing,336 E 23rd St New York NY,27,no,yes,soccer:football:fashion:animals:tv,102 1st Ave New York NY,1,0.822570229092553
48,no,yes,fashion:computers:animals,336 E 23rd St New York NY,22,yes,yes,skiing:reading:art:animals:dancing,2049 Broadway New York NY,0,2.7707722746550023
41,no,no,skiing:knitting:fashion:scrabble,220 W 42nd St New York NY,38,no,no,football:fashion:photography:dancing,220 W 42nd St New York NY,1,0.0
40,no,no,reading:fashion:camping:cooking,39 Union sq W New York NY,37,yes,yes,skiing:fashion:shopping:travel,151 W 34th St New York NY,0,0.957543847008157
47,no,yes,knitting:computers:animals:camping,1499 3rd Ave New York NY,47,no,no,skiing:soccer:football:computers:dancing:cooking,966 3rd Ave New York NY,0,1.34748371709225
18,yes,yes,reading:knitting:computers:opera:scrabble,966 3rd Ave New York NY,33,no,yes,snowboarding:knitting:fashion:tv:scrabble,1560 Broadway New York NY,0,0.9480166561293242
34,yes,no,camping:travel,1560 Broadway New York NY,26,yes,no,knitting:fashion:tv:cooking:scrabble,220 W 42nd St New York NY,1,0.22975753511240282
26,no,no,snowboarding:football:running:animals:shopping:travel,556 7th Ave New York NY,21,no,yes,football:running:photography:computers:animals:writing,966 3rd Ave New York NY,1,1.1815963600197674
33,no,no,football:running:opera:writing:shopping:travel,541 Avenue of the Americas New York NY,19,no,yes,football:photography:animals:cooking,1560 Broadway New York NY,0,1.5880545475471
45,no,no,knitting:fashion,686 Avenue of the Americas New York NY,47,no,yes,dancing:opera,2271 Broadway New York NY,0,3.1090001521046853
34,no,no,soccer:knitting:movies,404 E 14th St New York NY,21,no,no,soccer:computers:opera,102 1st Ave New York NY,1,0.3800273681974172
18,no,no,opera:scrabble,600 W 125th St New York NY,47,no,no,soccer:running:art:writing,2049 Broadway New York NY,0,2.929968948736851
49,no,no,animals,220 W 42nd St New York NY,46,no,no,skiing:snowboarding:soccer:photography:art:dancing:opera:tv:travel,966 3rd Ave New York NY,1,1.1291514617695513
24,no,no,camping:writing:travel,2049 Broadway New York NY,28,no,yes,photography,688 8th Ave New York NY,0,1.3845640551534686
20,no,no,football:computers:camping:cooking,824 3rd Ave New York NY,36,no,no,football:running:reading:fashion:computers,27 3rd Ave New York NY,0,2.0824283990489034
34,no,yes,reading:animals:travel:cooking:scrabble,688 8th Ave New York NY,19,yes,yes,skiing:snowboarding:soccer:reading:fashion:dancing:movies:writing:cooking:scrabble,14 E 47th St New York NY,1,0.6099637388502788
26,no,no,art:animals:travel,1083 2nd Ave New York NY,22,no,yes,soccer:football:opera:shopping:cooking,688 8th Ave New York NY,0,1.2658451501872559
27,no,no,knitting:dancing:opera:cooking:scrabble,336 E 23rd St New York NY,34,no,yes,skiing:camping:opera,27 3rd Ave New York NY,0,0.7425212584839057
39,no,no,snowboarding:football:reading:photography:art:animals:dancing:writing:shopping:tv,2049 Broadway New York NY,36,no,no,fashion:art:dancing:movies:writing:tv:travel,2049 Broadway New York NY,1,0.0
48,yes,yes,snowboarding:fashion:dancing,154 7th Ave New York NY,35,no,no,fashion:art:camping:tv,556 7th Ave New York NY,0,1.0177187145331632
20,yes,yes,movies:tv:cooking,1188 Avenue of the Americas New York NY,35,no,yes,skiing:running:knitting:art:computers:writing:cooking,220 W 42nd St New York NY,0,0.3124462346836948
24,no,no,football:fashion:animals:dancing:opera:tv,14 E 47th St New York NY,34,no,yes,skiing:snowboarding:art:dancing:writing,2271 Broadway New York NY,0,2.018934714228905
26,no,yes,soccer:camping,1188 Avenue of the Americas New York NY,24,no,yes,snowboarding:knitting:art:opera:writing:shopping:travel,541 Avenue of the Americas New York NY,1,1.580669936359316
48,no,no,art:camping:shopping:cooking:scrabble,1560 Broadway New York NY,25,no,yes,running:photography:computers:camping:movies:travel:cooking,2271 Broadway New York NY,0,1.8707524051184932
32,no,yes,skiing:football:fashion:dancing:opera:shopping:tv,1560 Broadway New York NY,36,no,yes,skiing:football:computers:animals:camping:opera:shopping,688 8th Ave New York NY,1,0.22635612766385768
34,no,no,computers:travel:cooking,541 Avenue of the Americas New York NY,33,no,no,running:photography:writing:tv,154 7th Ave New York NY,1,0.2841785148079124
31,no,no,skiing:snowboarding:fashion:animals:travel,208 Varick St New York NY,28,no,yes,photography:animals:camping:dancing:scrabble,3794 Broadway New York NY,0,7.988306053020001
44,no,yes,snowboarding:animals:opera,1083 2nd Ave New York NY,33,no,no,art:animals:camping:writing:scrabble,90 Maiden Ln New York NY,0,4.249045000268941
22,no,no,running:fashion,154 7th Ave New York NY,32,no,no,football:fashion:movies:shopping:cooking:scrabble,2271 Broadway New York NY,0,3.1782204044748337
41,no,yes,football:movies,39 Union sq W New York NY,39,yes,no,football:fashion:art:camping:movies:cooking:scrabble,1560 Broadway New York NY,0,1.5656846593485219
32,no,yes,soccer:football:knitting:tv,336 E 23rd St New York NY,48,no,yes,photography:animals:dancing:cooking,14 E 47th St New York NY,1,1.3071841707102265
21,no,yes,soccer:fashion:photography:writing,220 W 42nd St New York NY,21,no,no,snowboarding:running:knitting:dancing:movies:travel:scrabble,686 Avenue of the Americas New York NY,0,1.038143654334129
49,no,no,reading:animals:opera:writing,14 E 47th St New York NY,48,no,yes,snowboarding:reading:knitting:fashion:movies,686 Avenue of the Americas New York NY,0,1.293672001695335
49,no,no,skiing:art:opera,2271 Broadway New York NY,19,yes,no,fashion:photography:camping:shopping,824 3rd Ave New York NY,0,2.0812247172614953
34,no,no,animals:shopping:travel,90 Maiden Ln New York NY,43,yes,yes,soccer:art,688 8th Ave New York NY,0,3.6667592757918195
25,no,yes,fashion:animals:camping:shopping:cooking:scrabble,90 Maiden Ln New York NY,33,no,no,football:photography:computers:opera:writing:tv:cooking,1188 Avenue of the Americas New York NY,0,3.7462922047547322
30,yes,yes,soccer:reading:art:camping:movies:tv:travel,39 Union sq W New York NY,39,no,no,reading:knitting:writing:cooking:scrabble,556 7th Ave New York NY,0,1.2519081721532732
24,no,no,photography:tv,404 E 14th St New York NY,35,no,no,animals:camping:cooking:scrabble,404 E 14th St New York NY,0,0.0
35,no,no,soccer:animals:camping:tv:scrabble,336 E 23rd St New York NY,36,no,yes,opera:writing:tv,27 3rd Ave New York NY,0,0.7425212584839057
39,no,no,soccer:running:reading:fashion:computers:writing:tv:travel:cooking,541 Avenue of the Americas New York NY,26,no,no,reading:knitting:computers:cooking,688 8th Ave New York NY,1,1.4720474850360385
19,yes,yes,camping:dancing:movies:opera:travel:cooking,556 7th Ave New York NY,29,no,no,snowboarding:photography:movies:opera:tv:travel:cooking:scrabble,451 Lexington Ave New York NY,0,0.705756791384969
48,yes,no,running:photography:dancing:movies:shopping,1286 1st Ave New York NY,48,yes,yes,skiing:fashion:photography:dancing:writing:shopping:tv:cooking,3794 Broadway New York NY,1,4.7813643922420885
30,no,no,soccer:football:reading:knitting:art:animals:movies,39 Union sq W New York NY,44,no,no,skiing:knitting:animals:movies,427 10th Ave New York NY,1,1.3075477258985067
32,no,yes,,404 E 14th St New York NY,49,no,no,football:running:dancing:travel,3794 Broadway New York NY,0,7.409339377383508
21,no,no,running:computers:cooking:scrabble,2049 Broadway New York NY,20,no,no,knitting:movies:shopping:scrabble,600 W 125th St New York NY,1,2.929968948736851
20,yes,no,travel:scrabble,1286 1st Ave New York NY,46,no,no,reading:knitting:scrabble,427 10th Ave New York NY,0,2.3654471641343573
50,no,no,skiing:fashion:computers:camping,427 10th Ave New York NY,20,no,yes,reading:photography:scrabble,824 3rd Ave New York NY,0,1.527867089847601
27,no,yes,skiing:photography:tv:cooking:scrabble,3794 Broadway New York NY,25,yes,yes,snowboarding:knitting:opera:shopping:travel,427 10th Ave New York NY,1,6.251332543921483
20,no,no,skiing:reading:fashion:movies:scrabble,2049 Broadway New York NY,21,yes,yes,snowboarding:soccer:knitting:computers:animals:dancing,39 Union sq W New York NY,0,2.8619530987090527
29,no,no,reading:knitting:animals:camping:movies:cooking:scrabble,102 1st Ave New York NY,34,no,yes,snowboarding:football:fashion:travel,1083 2nd Ave New York NY,0,2.5258324605822446
35,no,yes,soccer:knitting:fashion:animals:movies:opera:scrabble,966 3rd Ave New York NY,32,no,yes,snowboarding:photography:animals:camping:dancing:shopping,1499 3rd Ave New York NY,1,1.34748371709225
44,yes,no,snowboarding:football:photography:animals:dancing:opera:cooking,600 W 125th St New York NY,25,yes,yes,computers:animals:movies,2271 Broadway New York NY,0,2.356536954500299
22,no,yes,fashion:art:camping:dancing:tv,39 Union sq W New York NY,34,no,no,football:camping:tv:travel,427 10th Ave New York NY,0,1.3075477258985067
41,yes,yes,skiing:running:fashion:computers:dancing:travel,1083 2nd Ave New York NY,19,no,yes,soccer:animals:dancing:cooking,14 E 47th St New York NY,1,0.7004101855973122
36,no,no,soccer:football:tv,2049 Broadway New York NY,19,no,yes,running:reading:knitting:animals:movies:opera:cooking,966 3rd Ave New York NY,0,1.4060466453406473
38,no,yes,photography:computers,90 Maiden Ln New York NY,44,no,no,soccer:running:reading:knitting:dancing:writing,1560 Broadway New York NY,0,3.7733138726604585
34,no,no,reading:animals:camping:dancing,1286 1st Ave New York NY,42,no,yes,snowboarding:soccer:football:dancing:opera:writing:shopping:tv,26 Bowery New York NY,0,4.104649016334905
35,yes,no,skiing:snowboarding:dancing:opera:tv,404 E 14th St New York NY,26,no,no,reading:art:camping:dancing:writing:tv,1083 2nd Ave New York NY,1,2.147924098096192
46,no,no,skiing:football:running:fashion:camping:writing,824 3rd Ave New York NY,40,no,no,skiing:reading:fashion:movies,600 W 125th St New York NY,1,4.178155044709662
47,no,no,dancing:shopping:cooking:scrabble,688 8th Ave New York NY,18,no,yes,knitting:art:cooking,26 Bowery New York NY,0,3.022013436103596
41,no,no,skiing:opera,427 10th Ave New York NY,37,no,no,skiing:fashion:movies,90 Maiden Ln New York NY,1,3.2988650532824355
46,no,yes,running:cooking,1083 2nd Ave New York NY,50,no,yes,skiing:football:photography:art:movies:travel:scrabble,966 3rd Ave New York NY,1,0.1393421880568806
18,no,no,football:tv,2271 Broadway New York NY,24,no,yes,football:photography:camping:scrabble,1083 2nd Ave New York NY,0,1.9441788148290053
20,no,no,soccer:computers:dancing:writing:cooking,90 Maiden Ln New York NY,30,no,no,skiing:snowboarding:reading:knitting:photography:dancing,39 Union sq W New York NY,0,2.2271992239134266
41,no,no,art:camping:cooking,824 3rd Ave New York NY,35,no,no,skiing:snowboarding:camping:dancing:movies:opera:tv,27 3rd Ave New York NY,1,2.0824283990489034
40,yes,yes,soccer:reading:writing:travel,1188 Avenue of the Americas New York NY,42,no,no,soccer:football:knitting:art:cooking,154 7th Ave New York NY,0,1.3651023699872702
20,yes,no,soccer:opera:shopping,102 1st Ave New York NY,39,no,no,snowboarding:football:computers:opera:writing:tv,90 Maiden Ln New York NY,0,1.7527448298726267
44,no,yes,soccer:travel,427 10th Ave New York NY,44,no,yes,fashion:art:computers:animals:camping:opera:tv:travel,1188 Avenue of the Americas New York NY,1,0.9443773632140713
20,no,yes,snowboarding:football:knitting:art:dancing:travel,427 10th Ave New York NY,26,no,no,snowboarding:football:movies,336 E 23rd St New York NY,0,1.5527989908071889
26,no,yes,fashion:computers:animals:opera:cooking:scrabble,404 E 14th St New York NY,25,no,yes,skiing:snowboarding:knitting:opera:tv:cooking,102 1st Ave New York NY,1,0.3800273681974172
35,no,yes,writing,154 7th Ave New York NY,44,yes,yes,snowboarding:running:computers,26 Bowery New York NY,1,1.858033429604701
47,yes,no,snowboarding:fashion:movies:travel,220 W 42nd St New York NY,30,no,yes,soccer:running:knitting:animals:dancing:scrabble,220 W 42nd St New York NY,0,0.0
47,no,yes,skiing:photography:art:dancing:movies:cooking,1286 1st Ave New York NY,43,no,yes,soccer:reading:art:animals:camping:scrabble,14 E 47th St New York NY,1,1.2734668418938158
22,no,no,snowboarding:camping:tv,102 1st Ave New York NY,38,yes,no,snowboarding:soccer:running:reading:knitting:art:shopping:travel:scrabble,220 W 42nd St New York NY,0,2.0592531147255935
37,yes,yes,snowboarding:running:fashion:art:animals:camping:dancing:movies:cooking,404 E 14th St New York NY,29,no,no,running:photography:camping:dancing,451 Lexington Ave New York NY,1,1.5656963673973803
29,yes,yes,soccer:dancing:movies:writing:shopping,102 1st Ave New York NY,41,no,no,football:fashion:animals:tv:cooking:scrabble,600 W 125th St New York NY,0,6.341944488302186
33,no,yes,running,404 E 14th St New York NY,26,no,yes,running:scrabble,208 Varick St New York NY,1,1.2306627496264142
18,no,yes,fashion:art:writing,27 3rd Ave New York NY,21,no,no,running:fashion:photography:art:animals:camping:dancing:scrabble,14 E 47th St New York NY,0,1.940364870050905
45,no,yes,knitting:travel:cooking,966 3rd Ave New York NY,28,no,no,knitting:fashion:art:computers:animals:travel,14 E 47th St New York NY,0,0.6429530499150673
48,no,no,skiing:computers:writing,2271 Broadway New York NY,49,no,yes,snowboarding:soccer:knitting:shopping,404 E 14th St New York NY,0,3.7574704461415527
25,yes,no,skiing:soccer:computers:tv:travel:cooking:scrabble,336 E 23rd St New York NY,31,yes,yes,fashion:opera:cooking,1083 2nd Ave New York NY,0,1.7047355736665704
18,no,no,running:fashion:shopping:travel:cooking,600 W 125th St New York NY,23,no,yes,snowboarding,208 Varick St New York NY,0,6.514750969507218
37,no,yes,soccer:running:camping:dancing:tv,220 W 42nd St New York NY,43,yes,yes,skiing:snowboarding:running:reading:dancing:travel,27 3rd Ave New York NY,1,1.8367415502890294
43,no,no,soccer:running:writing,14 E 47th St New York NY,40,yes,yes,skiing:football:reading:animals:opera:cooking,541 Avenue of the Americas New York NY,0,1.6265571738440514
22,no,yes,reading:travel:cooking,1499 3rd Ave New York NY,42,no,yes,photography:dancing:writing,14 E 47th St New York NY,0,1.922479786936864
23,no,yes,football:photography:animals:travel,556 7th Ave New York NY,46,no,yes,reading:fashion:photography:camping:shopping:travel:cooking,102 1st Ave New York NY,0,1.944758274761782
45,no,no,soccer:art:movies:cooking,220 W 42nd St New York NY,24,no,no,soccer:photography:dancing:movies:shopping:tv,966 3rd Ave New York NY,0,1.1291514617695513
40,yes,yes,skiing:animals,1083 2nd Ave New York NY,47,yes,no,snowboarding:football:reading:art:dancing:cooking:scrabble,404 E 14th St New York NY,0,2.147924098096192
18,yes,yes,football:art:dancing:opera:writing,151 W 34th St New York NY,31,yes,no,art:camping:opera:tv:travel,1560 Broadway New York NY,0,0.6269427601070364
41,no,yes,reading:fashion:animals:dancing:writing,556 7th Ave New York NY,41,yes,yes,knitting:movies:writing:shopping:scrabble,404 E 14th St New York NY,1,1.645647603887479
25,no,yes,soccer:computers:cooking,686 Avenue of the Americas New York NY,34,no,yes,skiing:fashion:photography:art:computers:camping:movies:shopping:tv:scrabble,427 10th Ave New York NY,1,0.9107202620372581
33,no,no,snowboarding:soccer:photography:computers:animals:writing,1083 2nd Ave New York NY,28,no,yes,knitting:fashion:photography:camping,404 E 14th St New York NY,0,2.147924098096192
47,no,no,skiing:soccer:fashion:photography:animals:travel,90 Maiden Ln New York NY,34,yes,yes,football:running:reading:computers:dancing:opera:travel,151 W 34th St New York NY,0,3.1481906561413706
40,no,no,football:dancing:movies:shopping:scrabble,2271 Broadway New York NY,22,no,yes,skiing:computers:writing:shopping:cooking:scrabble,2049 Broadway New York NY,0,0.579858197928539
33,yes,no,art:dancing:opera:writing:tv,2271 Broadway New York NY,33,no,yes,soccer:running:art:camping:dancing:writing:shopping:tv:scrabble,824 3rd Ave New York NY,1,2.0812247172614953
30,no,yes,knitting:computers:movies:opera:writing,824 3rd Ave New York NY,32,no,yes,football,686 Avenue of the Americas New York NY,1,1.5571429421515488
23,no,yes,,154 7th Ave New York NY,18,no,no,skiing:snowboarding:soccer:football:scrabble,1188 Avenue of the Americas New York NY,0,1.3651023699872702
26,yes,no,reading:fashion,208 Varick St New York NY,18,no,yes,photography:shopping:tv,1083 2nd Ave New York NY,0,3.0033975172097707
22,no,no,soccer:photography:art:movies:opera:shopping,102 1st Ave New York NY,46,no,yes,skiing:running:knitting:photography:dancing:tv:scrabble,336 E 23rd St New York NY,0,0.822570229092553
44,yes,yes,skiing:soccer,3794 Broadway New York NY,23,no,no,knitting:photography:animals:camping:opera:writing:scrabble,427 10th Ave New York NY,0,6.251332543921483
27,no,no,skiing:soccer:running:knitting:cooking:scrabble,600 W 125th St New York NY,31,no,no,art:camping:dancing:opera:writing,14 E 47th St New York NY,1,4.238209913140455
27,no,yes,snowboarding:football:photography:computers:animals:scrabble,27 3rd Ave New York NY,27,yes,no,knitting:computers:camping:shopping:cooking:scrabble,151 W 34th St New York NY,0,1.4294123279179756
25,no,no,football:computers:animals:scrabble,1286 1st Ave New York NY,42,no,no,soccer:football:reading:art:camping:writing,90 Maiden Ln New York NY,0,4.855044062586603
34,no,no,writing,154 7th Ave New York NY,47,yes,yes,opera:shopping:cooking,541 Avenue of the Americas New York NY,0,0.2841785148079124
28,no,yes,football:photography:dancing:shopping:scrabble,90 Maiden Ln New York NY,45,no,no,knitting:writing:travel:cooking,208 Varick St New York NY,0,1.5011761611292995
22,no,yes,soccer:knitting:computers:dancing:writing,151 W 34th St New York NY,21,no,yes,snowboarding:soccer:computers:writing:travel,541 Avenue of the Americas New York NY,1,0.9612149332295461
47,no,no,running:reading:art:camping,404 E 14th St New York NY,36,no,yes,snowboarding:reading:camping:dancing,27 3rd Ave New York NY,0,0.4057550421446678
36,yes,yes,reading:knitting:photography:camping:opera,2271 Broadway New York NY,42,yes,no,skiing:snowboarding:art:movies:writing,90 Maiden Ln New York NY,0,5.630639975306199
22,no,no,photography:writing,102 1st Ave New York NY,31,no,yes,photography:dancing,336 E 23rd St New York NY,0,0.822570229092553
48,no,yes,snowboarding:football:reading:movies:opera,1083 2nd Ave New York NY,35,no,yes,reading:knitting:camping:writing,2271 Broadway New York NY,1,1.9441788148290053
32,no,no,reading:knitting:art:computers:animals:travel,154 7th Ave New York NY,29,no,yes,skiing:reading:computers:cooking,2271 Broadway New York NY,0,3.1782204044748337
20,no,yes,fashion:photography:computers:tv:travel:scrabble,556 7th Ave New York NY,24,no,no,reading:computers:dancing:cooking:scrabble,1560 Broadway New York NY,0,0.3346511557424562
20,no,yes,dancing:scrabble,336 E 23rd St New York NY,41,yes,yes,running:reading:knitting:writing,3794 Broadway New York NY,0,6.959294348985488
31,no,no,reading:computers:opera,1286 1st Ave New York NY,25,no,no,football:photography:computers:dancing:opera:tv:scrabble,1083 2nd Ave New York NY,1,0.6163478042481101
48,no,yes,reading:knitting:camping:opera,39 Union sq W New York NY,47,no,yes,skiing:writing,966 3rd Ave New York NY,1,2.0812968464004453
42,no,yes,fashion:animals:camping:travel,14 E 47th St New York NY,22,no,no,football:knitting:shopping:travel,39 Union sq W New York NY,0,1.5211056444906108
31,no,no,football:running:reading:camping:writing,336 E 23rd St New York NY,47,no,yes,movies,26 Bowery New York NY,0,1.800412987119598
19,yes,no,art:animals:dancing:movies:shopping:scrabble,1083 2nd Ave New York NY,38,yes,yes,cooking,824 3rd Ave New York NY,0,0.36485481828289423
26,no,no,knitting:fashion:animals:dancing,686 Avenue of the Americas New York NY,29,no,no,cooking,688 8th Ave New York NY,1,1.146964489651101
35,yes,yes,running:tv:travel,824 3rd Ave New York NY,46,no,yes,skiing:reading:computers:dancing,2049 Broadway New York NY,1,1.6050642630019774
32,no,no,skiing:fashion:dancing,336 E 23rd St New York NY,46,yes,no,football:art:animals:shopping,2271 Broadway New York NY,1,3.3209323192708724
28,yes,yes,fashion:animals:opera:shopping,404 E 14th St New York NY,24,yes,yes,running:animals:movies:writing:tv:cooking:scrabble,966 3rd Ave New York NY,1,2.1943130198106533
38,yes,yes,computers:writing,1286 1st Ave New York NY,42,no,no,snowboarding:art:shopping:cooking:scrabble,966 3rd Ave New York NY,0,0.6322263240854409
48,no,no,photography:computers,220 W 42nd St New York NY,46,yes,yes,snowboarding:knitting:camping:tv,151 W 34th St New York NY,0,0.41399499960595965
46,no,no,photography:writing,3794 Broadway New York NY,44,no,no,skiing:reading:fashion:travel:scrabble,336 E 23rd St New York NY,1,6.959294348985488
25,no,yes,reading:knitting:art:animals:tv,90 Maiden Ln New York NY,38,no,no,soccer:knitting:writing,824 3rd Ave New York NY,0,3.907071794465835
25,no,yes,art:scrabble,451 Lexington Ave New York NY,26,no,yes,skiing:computers:movies:tv:travel:cooking,556 7th Ave New York NY,1,0.705756791384969
48,no,yes,skiing:football:running:knitting:photography:art:computers:opera:travel:cooking,336 E 23rd St New York NY,38,no,yes,photography:art,220 W 42nd St New York NY,1,1.3631998774400955
37,no,yes,soccer:camping:movies,14 E 47th St New York NY,42,no,no,art:dancing:travel:cooking,1286 1st Ave New York NY,0,1.2734668418938158
25,yes,no,camping:writing:shopping:scrabble,556 7th Ave New York NY,49,yes,yes,football:reading:computers:camping:movies:travel,1286 1st Ave New York NY,0,1.802466013888609
45,yes,no,skiing:soccer:writing:travel,427 10th Ave New York NY,29,no,no,football:movies:writing,151 W 34th St New York NY,1,0.5931788517683297
24,yes,yes,snowboarding:reading:art:animals:camping:writing:shopping:cooking,404 E 14th St New York NY,40,no,yes,soccer:running:knitting:dancing:opera:shopping,220 W 42nd St New York NY,0,1.7564632459681053
43,no,no,movies:writing:scrabble,2049 Broadway New York NY,45,yes,no,running:camping:travel,336 E 23rd St New York NY,1,2.7707722746550023
34,yes,yes,snowboarding:reading:knitting:photography:camping:scrabble,966 3rd Ave New York NY,43,yes,yes,snowboarding:reading:knitting:dancing:writing:scrabble,2049 Broadway New York NY,1,1.4060466453406473
42,no,no,snowboarding:art:tv,1286 1st Ave New York NY,22,no,yes,running:art:computers:dancing:travel,404 E 14th St New York NY,0,2.741149520382788
47,no,no,soccer:knitting:animals:tv,102 1st Ave New York NY,27,no,yes,soccer:football:cooking,600 W 125th St New York NY,0,6.341944488302186
24,no,no,dancing,1499 3rd Ave New York NY,33,no,yes,running:photography:computers:animals:cooking,1560 Broadway New York NY,0,2.0647126793815933
29,no,no,skiing,102 1st Ave New York NY,39,yes,yes,running:fashion:scrabble,1499 3rd Ave New York NY,0,3.9114553292567478
41,no,no,photography:animals:dancing:writing:travel,966 3rd Ave New York NY,33,no,yes,fashion:dancing,336 E 23rd St New York NY,0,1.7468150452240423
48,no,no,football:knitting:dancing:opera:shopping:tv,102 1st Ave New York NY,28,yes,no,animals:dancing,26 Bowery New York NY,1,0.9884183092001289
20,no,yes,skiing:fashion:animals:camping,1499 3rd Ave New York NY,35,no,yes,soccer:football:running:fashion:movies:travel,688 8th Ave New York NY,0,2.26719968373892
36,no,no,football:opera:writing:shopping:cooking,27 3rd Ave New York NY,21,no,no,skiing:football:art:animals:opera:writing:tv,1560 Broadway New York NY,1,2.0260888711016034
32,no,yes,skiing:art:tv:cooking,14 E 47th St New York NY,29,yes,yes,snowboarding:reading:knitting:opera,220 W 42nd St New York NY,1,0.5214154835009716
23,no,yes,snowboarding:art:opera,26 Bowery New York NY,22,yes,no,animals:dancing:travel,39 Union sq W New York NY,0,1.5385915847318248
22,no,no,skiing:photography:opera:cooking,404 E 14th St New York NY,47,no,no,movies:opera,208 Varick St New York NY,0,1.2306627496264142
39,no,no,running:reading:art:animals:shopping,102 1st Ave New York NY,28,yes,yes,snowboarding:football:animals:movies:shopping:scrabble,39 Union sq W New York NY,0,0.7395369666258705
44,no,yes,snowboarding:running:knitting:fashion:camping:shopping,102 1st Ave New York NY,27,no,yes,soccer:art:writing,1286 1st Ave New York NY,1,3.1208289043179134
20,no,no,running:camping,102 1st Ave New York NY,33,no,no,knitting,90 Maiden Ln New York NY,0,1.7527448298726267
48,no,yes,skiing:football:running:knitting:fashion:camping,3794 Broadway New York NY,36,yes,no,football:movies:opera,1083 2nd Ave New York NY,0,5.300408406314663
29,no,yes,reading:computers:travel,1286 1st Ave New York NY,25,no,no,knitting:fashion:cooking:scrabble,600 W 125th St New York NY,0,3.4469964505028345
26,no,no,reading:cooking,27 3rd Ave New York NY,39,no,no,computers:camping:opera:travel:cooking,3794 Broadway New York NY,1,7.620129699491127
46,no,yes,skiing:snowboarding:soccer:running:reading:fashion:shopping,404 E 14th St New York NY,27,yes,yes,soccer:tv,102 1st Ave New York NY,1,0.3800273681974172
25,no,yes,animals:camping:opera:travel:cooking,1083 2nd Ave New York NY,21,no,yes,football:reading:knitting:fashion:computers:movies:travel,404 E 14th St New York NY,1,2.147924098096192
32,no,no,soccer:running:dancing:movies:shopping:tv,1286 1st Ave New York NY,41,no,no,soccer:running:animals:dancing,2049 Broadway New York NY,1,1.541712869207722
37,yes,no,football:fashion:camping:opera:travel,208 Varick St New York NY,48,no,yes,snowboarding:football:camping,1560 Broadway New York NY,0,2.349981268114109
25,no,yes,snowboarding:soccer:football:reading:fashion:photography:movies:writing,102 1st Ave New York NY,22,no,yes,computers:writing:tv,1286 1st Ave New York NY,1,3.1208289043179134
29,no,yes,soccer:reading:fashion:animals:dancing:writing:shopping:tv:cooking,154 7th Ave New York NY,33,no,yes,snowboarding:art:computers:animals:travel,451 Lexington Ave New York NY,1,1.429087773705631
44,yes,no,skiing:soccer:writing,1499 3rd Ave New York NY,23,no,yes,soccer:reading:art:animals:dancing:opera,1286 1st Ave New York NY,0,0.8288259638748993
28,no,yes,knitting:computers:dancing:shopping:tv,824 3rd Ave New York NY,46,no,yes,football:fashion:art:dancing:opera,824 3rd Ave New York NY,0,0.0
45,no,yes,computers:cooking,1499 3rd Ave New York NY,32,no,no,football:running:reading:opera,1188 Avenue of the Americas New York NY,0,2.0065005716673676
49,no,yes,skiing:fashion:writing:shopping:travel,404 E 14th St New York NY,26,yes,yes,skiing:camping:shopping:cooking,600 W 125th St New York NY,1,5.9820068291502295
47,no,yes,soccer:knitting:computers:camping:dancing:tv:scrabble,1083 2nd Ave New York NY,18,no,no,soccer:reading:animals:tv,1499 3rd Ave New York NY,0,1.3863129536453194
19,no,no,skiing:snowboarding:running:reading:fashion:camping:opera:writing:tv:travel,1286 1st Ave New York NY,29,no,no,snowboarding:soccer:art:opera,966 3rd Ave New York NY,0,0.6322263240854409
34,no,yes,running:writing,1083 2nd Ave New York NY,27,no,yes,snowboarding:fashion:writing:shopping:cooking,39 Union sq W New York NY,1,2.071628420212569
34,no,no,running:movies:cooking,556 7th Ave New York NY,46,no,no,knitting:animals:camping:opera,688 8th Ave New York NY,1,0.2536181638381201
49,no,no,photography:shopping:tv:scrabble,686 Avenue of the Americas New York NY,33,no,yes,soccer:dancing:writing:shopping:travel,26 Bowery New York NY,0,1.8792277961020127
21,no,yes,football:fashion:camping:dancing:writing:cooking:scrabble,3794 Broadway New York NY,18,no,no,skiing:football:running:reading:fashion:computers,1499 3rd Ave New York NY,0,3.952831979232171
20,no,yes,skiing:snowboarding:soccer:reading:opera:writing,1083 2nd Ave New York NY,37,no,no,running:reading:writing,27 3rd Ave New York NY,0,2.4248198648239647
49,no,no,skiing:soccer:computers:animals:opera,208 Varick St New York NY,40,no,yes,snowboarding:soccer:knitting:art:dancing:shopping:cooking,336 E 23rd St New York NY,0,1.4737998350141956
43,no,no,reading:art:computers:shopping:scrabble,2271 Broadway New York NY,44,no,no,animals:writing:tv,154 7th Ave New York NY,1,3.1782204044748337
44,no,yes,skiing:reading:camping:cooking,966 3rd Ave New York NY,24,no,no,knitting:computers:opera,2271 Broadway New York NY,0,1.8194806131709287
24,no,yes,football:knitting:art:camping:writing:shopping,2271 Broadway New York NY,24,no,no,skiing:animals:dancing:scrabble,686 Avenue of the Americas New York NY,0,3.1090001521046853
28,no,yes,skiing:snowboarding:reading:shopping,1083 2nd Ave New York NY,19,no,yes,skiing:snowboarding:soccer:knitting:art:opera,824 3rd Ave New York NY,1,0.36485481828289423
50,no,no,skiing:soccer:football:knitting:art:dancing:scrabble,151 W 34th St New York NY,21,yes,yes,soccer:football:reading:fashion:shopping:tv,541 Avenue of the Americas New York NY,0,0.9612149332295461
41,no,no,knitting:photography:computers:writing,688 8th Ave New York NY,38,no,yes,skiing:fashion:photography,966 3rd Ave New York NY,0,1.1740605202576222
19,no,no,photography:movies:shopping:tv:cooking:scrabble,3794 Broadway New York NY,44,no,no,reading:photography:computers:tv:travel,556 7th Ave New York NY,0,5.977204614041755
44,no,no,,39 Union sq W New York NY,47,no,no,reading:fashion:art:animals,1286 1st Ave New York NY,1,2.6876277075503254
30,no,no,cooking:scrabble,27 3rd Ave New York NY,43,no,yes,fashion:photography:art:computers:animals:movies:travel:cooking,151 W 34th St New York NY,0,1.4294123279179756
36,no,no,fashion:camping:tv:cooking,2271 Broadway New York NY,42,no,yes,reading:photography,90 Maiden Ln New York NY,0,5.630639975306199
40,no,no,soccer:knitting:photography:computers:movies,26 Bowery New York NY,46,no,no,football:knitting:photography:writing:tv:scrabble,336 E 23rd St New York NY,1,1.800412987119598
35,no,yes,football:running:photography:computers:animals:travel,1188 Avenue of the Americas New York NY,38,no,yes,soccer:knitting:photography:art:computers:travel:cooking:scrabble,1499 3rd Ave New York NY,1,2.0065005716673676
29,no,yes,soccer:computers:opera:scrabble,688 8th Ave New York NY,22,no,yes,running:dancing:scrabble,1188 Avenue of the Americas New York NY,1,0.3742497442217552
18,no,yes,fashion:computers:opera,1083 2nd Ave New York NY,32,yes,no,writing,90 Maiden Ln New York NY,0,4.249045000268941
27,no,no,snowboarding:animals:dancing,27 3rd Ave New York NY,33,no,no,soccer:reading:computers:camping,39 Union sq W New York NY,1,0.47673342701043014
18,yes,yes,snowboarding:running:animals:camping:opera,26 Bowery New York NY,46,no,yes,snowboarding:soccer:football:running:animals:camping:opera:shopping,1083 2nd Ave New York NY,0,3.5042348866716435
26,no,no,skiing:soccer,966 3rd Ave New York NY,18,no,no,snowboarding:running:fashion:computers:writing:shopping,1188 Avenue of the Americas New York NY,1,0.8168923841020502
35,no,no,skiing:football:writing,404 E 14th St New York NY,49,no,no,photography:scrabble,1499 3rd Ave New York NY,1,3.534031990226593
18,no,no,skiing:football:running:fashion:tv,600 W 125th St New York NY,44,no,yes,football:animals:shopping:travel,102 1st Ave New York NY,0,6.341944488302186
18,no,no,football:photography:animals:cooking,14 E 47th St New York NY,38,no,yes,reading:fashion:art:opera:tv:cooking,14 E 47th St New York NY,0,0.0
40,yes,yes,skiing:opera:scrabble,151 W 34th St New York NY,34,no,yes,snowboarding:animals:shopping,600 W 125th St New York NY,1,4.805185603484125
21,no,yes,camping:opera:writing:cooking,336 E 23rd St New York NY,19,no,yes,skiing:running:reading:art:scrabble,404 E 14th St New York NY,1,0.45005214606728267
31,yes,yes,soccer:photography:camping:movies:opera:tv:scrabble,556 7th Ave New York NY,39,no,no,reading:knitting:computers,541 Avenue of the Americas New York NY,0,1.2560026689438597
29,no,yes,knitting:photography:animals:movies:opera:shopping:cooking,404 E 14th St New York NY,27,yes,no,skiing:knitting:movies:tv:cooking,688 8th Ave New York NY,1,1.8990291846955878
31,no,yes,opera,14 E 47th St New York NY,50,yes,no,fashion:art:computers:movies:tv,541 Avenue of the Americas New York NY,0,1.6265571738440514
22,no,yes,snowboarding:art:animals:shopping:tv:travel,208 Varick St New York NY,19,yes,yes,snowboarding:soccer:running,1188 Avenue of the Americas New York NY,1,2.3527316389233253
35,no,no,knitting:art:camping:opera,220 W 42nd St New York NY,35,no,no,skiing:soccer:football:reading,1083 2nd Ave New York NY,1,1.2078186854447177
43,no,yes,football:art:animals,26 Bowery New York NY,46,no,yes,soccer:photography:computers:camping:shopping,26 Bowery New York NY,1,0.0
44,yes,no,fashion:art:writing,600 W 125th St New York NY,24,no,yes,running:art:dancing:opera:writing,151 W 34th St New York NY,0,4.805185603484125
23,no,no,knitting:computers:camping:writing:cooking,686 Avenue of the Americas New York NY,28,yes,no,reading:computers:movies:writing,2271 Broadway New York NY,1,3.1090001521046853
40,no,no,snowboarding:soccer:reading:fashion:camping:cooking,3794 Broadway New York NY,43,no,yes,snowboarding:soccer:computers:animals:dancing:opera,151 W 34th St New York NY,0,6.271907172566377
20,no,no,knitting:animals:tv:travel:cooking:scrabble,1083 2nd Ave New York NY,47,yes,no,soccer:reading:photography:dancing:writing:scrabble,208 Varick St New York NY,0,3.0033975172097707
23,no,yes,skiing:soccer:football:reading:camping:opera:writing:travel,90 Maiden Ln New York NY,31,no,no,snowboarding:fashion:computers:movies:opera:travel,151 W 34th St New York NY,0,3.1481906561413706
46,no,yes,fashion:opera:writing:shopping,26 Bowery New York NY,31,no,no,skiing:fashion:dancing:scrabble,220 W 42nd St New York NY,0,2.9033970286050983
48,no,no,dancing:writing:cooking,1286 1st Ave New York NY,40,no,yes,fashion:writing:tv:scrabble,600 W 125th St New York NY,0,3.4469964505028345
23,no,yes,movies:writing:shopping,102 1st Ave New York NY,49,yes,no,skiing:running:knitting:animals:opera:writing:tv,154 7th Ave New York NY,0,1.2113857148233564
21,no,yes,reading:fashion:computers,14 E 47th St New York NY,45,no,yes,,26 Bowery New York NY,0,3.036437653316333
24,no,yes,running:photography:writing:scrabble,1083 2nd Ave New York NY,24,no,no,animals:tv,2049 Broadway New York NY,0,1.5422043316550837
45,no,yes,snowboarding:knitting:opera:scrabble,26 Bowery New York NY,21,yes,yes,football:running:dancing:cooking,824 3rd Ave New York NY,0,3.1700312146432337
33,no,yes,reading:computers:shopping:cooking:scrabble,556 7th Ave New York NY,46,yes,no,snowboarding:football:photography:dancing:travel:cooking,427 10th Ave New York NY,0,0.6018147977300149
37,no,no,snowboarding:running:knitting:art:movies:writing,1560 Broadway New York NY,39,no,yes,knitting:photography:writing:shopping:travel,451 Lexington Ave New York NY,0,0.6644236783618671
33,no,yes,snowboarding:photography:art:movies,686 Avenue of the Americas New York NY,36,no,yes,running:computers:travel:cooking,1083 2nd Ave New York NY,1,1.9219970310263632
23,no,no,soccer:running:photography,154 7th Ave New York NY,29,no,yes,skiing:running:fashion:photography,2271 Broadway New York NY,0,3.1782204044748337
35,no,yes,soccer:running:reading:travel:scrabble,1286 1st Ave New York NY,20,yes,yes,soccer:football:knitting:fashion:tv,336 E 23rd St New York NY,1,2.3045730345173547
23,no,no,skiing:animals:camping:writing:tv,90 Maiden Ln New York NY,38,yes,yes,snowboarding:soccer:football:photography:computers:opera:shopping,541 Avenue of the Americas New York NY,0,2.194839511778051
48,no,no,snowboarding:football:writing:tv,1188 Avenue of the Americas New York NY,45,no,no,knitting:computers,14 E 47th St New York NY,1,0.24205463775994046
27,no,yes,skiing:reading:dancing:cooking,556 7th Ave New York NY,20,yes,yes,knitting:writing:scrabble,541 Avenue of the Americas New York NY,1,1.2560026689438597
37,no,no,snowboarding:soccer:football:computers:shopping:travel,27 3rd Ave New York NY,39,no,no,running:camping,336 E 23rd St New York NY,1,0.7425212584839057
24,no,yes,computers:camping:dancing:tv:scrabble,26 Bowery New York NY,47,no,no,snowboarding:fashion:shopping:cooking,541 Avenue of the Americas New York NY,0,1.5765324643327394
49,no,no,knitting:movies,688 8th Ave New York NY,24,yes,no,running:photography:movies:writing:cooking,14 E 47th St New York NY,0,0.6099637388502788
33,no,yes,soccer:photography:camping:tv:cooking,686 Avenue of the Americas New York NY,22,no,no,football:writing,27 3rd Ave New York NY,0,0.8650994840666716
21,yes,yes,fashion:dancing:opera:tv,154 7th Ave New York NY,32,no,no,fashion:scrabble,154 7th Ave New York NY,0,0.0
45,no,yes,skiing:snowboarding:running:cooking:scrabble,451 Lexington Ave New York NY,28,no,yes,football:running:computers:opera,824 3rd Ave New York NY,1,0.30276333395439264
33,yes,yes,snowboarding:football:reading:animals:dancing:writing:cooking,27 3rd Ave New York NY,50,no,no,fashion:photography:art,14 E 47th St New York NY,0,1.940364870050905
19,no,no,football:photography:dancing,1083 2nd Ave New York NY,34,no,yes,snowboarding:photography:opera,2049 Broadway New York NY,0,1.5422043316550837
35,no,yes,skiing:snowboarding:soccer:photography:computers:dancing:cooking,541 Avenue of the Americas New York NY,23,no,yes,reading:fashion:opera:shopping:scrabble,39 Union sq W New York NY,1,0.32343729855684145
38,no,no,skiing:football:reading:fashion:photography:camping:movies:opera,14 E 47th St New York NY,31,no,yes,photography:shopping:travel,90 Maiden Ln New York NY,0,3.746660037532473
19,no,yes,soccer:knitting:fashion:computers:dancing:shopping:scrabble,600 W 125th St New York NY,30,no,yes,reading:fashion:animals:travel:scrabble,90 Maiden Ln New York NY,0,7.951573846665926
22,yes,yes,running:computers:animals:dancing:movies,336 E 23rd St New York NY,34,no,yes,soccer:football:fashion:animals:tv,688 8th Ave New York NY,0,1.5113378790781833
36,no,yes,skiing:photography:movies,404 E 14th St New York NY,33,no,no,football:reading:knitting:animals:movies:opera:cooking,154 7th Ave New York NY,0,1.0800096982790273
42,no,yes,running:fashion:computers:dancing:movies,14 E 47th St New York NY,25,no,no,skiing:soccer:reading:fashion:computers:camping,1083 2nd Ave New York NY,0,0.7004101855973122
29,no,yes,reading:art:scrabble,90 Maiden Ln New York NY,27,no,yes,snowboarding:running:reading,556 7th Ave New York NY,1,3.4455833760640164
48,no,yes,art:dancing:travel,451 Lexington Ave New York NY,48,no,yes,reading:movies:travel,90 Maiden Ln New York NY,1,3.6201016971087903
27,no,no,fashion:photography:dancing:opera:shopping:cooking,541 Avenue of the Americas New York NY,26,no,no,knitting:computers:tv,39 Union sq W New York NY,1,0.32343729855684145
48,no,yes,skiing:reading:computers:opera,1560 Broadway New York NY,48,no,no,skiing:tv:travel,556 7th Ave New York NY,0,0.3346511557424562
26,no,no,photography:travel,1188 Avenue of the Americas New York NY,35,no,yes,movies:travel,1499 3rd Ave New York NY,0,2.0065005716673676
22,no,yes,soccer:running:fashion:art:opera:travel,102 1st Ave New York NY,43,no,yes,snowboarding:reading:computers:shopping:travel:cooking,220 W 42nd St New York NY,0,2.0592531147255935
33,yes,no,skiing:soccer:reading:fashion:computers:movies:shopping:cooking,600 W 125th St New York NY,48,no,no,snowboarding:soccer:fashion:computers:camping,208 Varick St New York NY,1,6.514750969507218
24,no,yes,photography:opera,688 8th Ave New York NY,49,no,yes,soccer:animals:writing:tv,2049 Broadway New York NY,0,1.3845640551534686
33,no,no,snowboarding:reading:movies:writing:shopping,1286 1st Ave New York NY,48,yes,no,reading:fashion:scrabble,404 E 14th St New York NY,1,2.741149520382788
26,no,yes,knitting:movies:writing:tv:scrabble,1560 Broadway New York NY,26,no,no,snowboarding:soccer:reading:knitting:animals:tv,451 Lexington Ave New York NY,0,0.6644236783618671
30,no,no,opera:tv,3794 Broadway New York NY,29,no,yes,soccer:running:dancing:movies:writing:tv,966 3rd Ave New York NY,0,5.23073637412342
25,no,no,snowboarding:reading:movies:scrabble,2049 Broadway New York NY,49,no,yes,running:reading:photography:computers,2271 Broadway New York NY,0,0.579858197928539
38,no,yes,snowboarding:football:running:photography:shopping:cooking,686 Avenue of the Americas New York NY,23,no,no,running:fashion:shopping:tv,824 3rd Ave New York NY,0,1.5571429421515488
39,no,no,soccer:dancing:tv:scrabble,1560 Broadway New York NY,39,no,no,football:reading:knitting:art:animals:dancing:travel:cooking,90 Maiden Ln New York NY,1,3.7733138726604585
27,no,no,football:running:knitting:fashion:travel,154 7th Ave New York NY,31,no,yes,computers:shopping:travel,427 10th Ave New York NY,0,0.8751904192663613
28,no,yes,running:knitting:photography:dancing:movies,966 3rd Ave New York NY,46,no,yes,knitting:shopping,404 E 14th St New York NY,0,2.1943130198106533
50,no,no,skiing:snowboarding:reading:computers:movies:travel:cooking:scrabble,824 3rd Ave New York NY,49,no,no,fashion:camping,27 3rd Ave New York NY,1,2.0824283990489034
34,yes,yes,soccer,688 8th Ave New York NY,48,no,yes,art:shopping:cooking:scrabble,404 E 14th St New York NY,1,1.8990291846955878
30,yes,yes,computers:camping:scrabble,427 10th Ave New York NY,37,no,no,skiing:snowboarding:reading:knitting:computers:tv,39 Union sq W New York NY,0,1.3075477258985067
27,yes,yes,running:camping:tv:travel:scrabble,824 3rd Ave New York NY,32,no,no,snowboarding:knitting:fashion:shopping,824 3rd Ave New York NY,0,0.0
31,no,no,knitting:photography:dancing:shopping,541 Avenue of the Americas New York NY,25,no,yes,snowboarding:camping,1083 2nd Ave New York NY,0,2.238816392018128
30,yes,no,snowboarding:art:camping:travel,556 7th Ave New York NY,32,yes,yes,skiing:snowboarding:knitting:animals:movies:opera:travel,336 E 23rd St New York NY,0,1.2590876538479092
42,no,yes,reading:travel,2271 Broadway New York NY,35,yes,no,skiing:snowboarding:computers:animals:dancing:opera,2049 Broadway New York NY,0,0.579858197928539
25,no,yes,knitting:art:animals:camping:writing,220 W 42nd St New York NY,34,no,no,skiing:soccer:shopping,1188 Avenue of the Americas New York NY,0,0.3124462346836948
37,yes,yes,soccer:running:fashion:tv,824 3rd Ave New York NY,42,no,yes,running:photography:animals:dancing:opera:travel:cooking:scrabble,1083 2nd Ave New York NY,1,0.36485481828289423
47,yes,no,reading:fashion:photography,451 Lexington Ave New York NY,29,no,no,reading:dancing:movies:writing:shopping:tv,404 E 14th St New York NY,1,1.5656963673973803
31,no,no,camping:writing:scrabble,102 1st Ave New York NY,33,no,no,soccer:animals:dancing:writing:travel,686 Avenue of the Americas New York NY,1,1.1362424980034025
28,no,yes,reading:camping:scrabble,688 8th Ave New York NY,39,no,yes,skiing:running:shopping,14 E 47th St New York NY,1,0.6099637388502788
35,no,no,football:knitting:writing:shopping:tv,208 Varick St New York NY,48,yes,yes,skiing:photography:art:travel,686 Avenue of the Americas New York NY,0,1.111784293154885
32,no,no,skiing:reading:photography:animals:dancing,451 Lexington Ave New York NY,35,no,no,soccer:reading:art,824 3rd Ave New York NY,1,0.30276333395439264
20,no,no,snowboarding:running:computers:camping:tv,688 8th Ave New York NY,49,no,no,football:reading,154 7th Ave New York NY,0,1.2172017235268033
27,no,yes,computers:opera,2271 Broadway New York NY,48,no,no,knitting:photography:animals:camping:dancing:tv:scrabble,39 Union sq W New York NY,0,3.4361644450320297
22,no,yes,photography:art:animals:opera:cooking,688 8th Ave New York NY,25,yes,no,art,27 3rd Ave New York NY,0,1.9653223353019924
38,no,yes,soccer:reading:dancing,2271 Broadway New York NY,18,no,yes,running:photography:computers:shopping,151 W 34th St New York NY,1,2.4867426842931764
43,no,yes,running:reading:scrabble,1083 2nd Ave New York NY,28,no,yes,photography:computers:writing:shopping:scrabble,451 Lexington Ave New York NY,1,0.6673189653648933
32,no,no,snowboarding:soccer:fashion:camping:opera:scrabble,26 Bowery New York NY,44,no,yes,reading:fashion:art:cooking:scrabble,2271 Broadway New York NY,0,4.9741502911265885
44,yes,yes,art:computers:animals:movies:writing:travel,1188 Avenue of the Americas New York NY,24,no,yes,reading:art:computers:travel:cooking,600 W 125th St New York NY,0,4.20903425616519
19,no,no,skiing:soccer:running:reading:computers:animals:camping,3794 Broadway New York NY,34,yes,yes,skiing:running:dancing,824 3rd Ave New York NY,0,5.588414007814736
36,no,yes,football:art:computers:animals:opera:tv:scrabble,686 Avenue of the Americas New York NY,31,yes,yes,fashion:photography:scrabble,102 1st Ave New York NY,1,1.1362424980034025
24,no,yes,snowboarding:soccer:football:photography:art:camping:dancing,600 W 125th St New York NY,37,yes,yes,camping:shopping,427 10th Ave New York NY,0,4.768815263119855
41,no,yes,photography:art:computers:animals:dancing:shopping:travel:cooking,220 W 42nd St New York NY,49,yes,no,snowboarding:writing:cooking,427 10th Ave New York NY,0,0.6328024994418687
22,no,yes,computers:writing:tv,404 E 14th St New York NY,43,yes,no,animals:movies:writing:scrabble,1499 3rd Ave New York NY,0,3.534031990226593
24,no,yes,fashion:movies:cooking:scrabble,686 Avenue of the Americas New York NY,32,yes,yes,skiing:running:scrabble,14 E 47th St New York NY,1,1.293672001695335
42,no,yes,football:knitting:dancing:writing,3794 Broadway New York NY,27,yes,no,animals:opera:cooking,102 1st Ave New York NY,0,7.7757088188143015
29,no,no,reading:art:dancing:shopping:travel,154 7th Ave New York NY,23,no,no,snowboarding:football:computers:camping:movies,14 E 47th St New York NY,1,1.4424176435102682
32,no,yes,running:photography:art:movies:writing,208 Varick St New York NY,27,yes,yes,skiing:knitting:art:travel,151 W 34th St New York NY,1,1.7265578957115413
39,no,no,computers:camping:writing:tv,1286 1st Ave New York NY,20,no,no,running:opera:tv:travel,1286 1st Ave New York NY,1,0.0
45,no,yes,art:camping:writing:shopping,1188 Avenue of the Americas New York NY,22,yes,yes,movies:travel,154 7th Ave New York NY,0,1.3651023699872702
36,no,yes,skiing:snowboarding:running:cooking,1083 2nd Ave New York NY,39,no,yes,skiing:football:fashion:photography:art:dancing:opera:travel,2049 Broadway New York NY,1,1.5422043316550837
18,no,yes,snowboarding:reading:photography:art:dancing,1499 3rd Ave New York NY,35,no,yes,soccer:knitting:shopping,451 Lexington Ave New York NY,0,2.0081661840057023
40,no,no,football:knitting:fashion:computers:animals:cooking,3794 Broadway New York NY,48,no,yes,skiing:snowboarding:soccer:computers:opera:tv:cooking,208 Varick St New York NY,0,7.988306053020001
29,no,yes,snowboarding:reading:camping:dancing:shopping:tv,14 E 47th St New York NY,46,no,no,art:dancing:opera:scrabble,102 1st Ave New York NY,0,2.1046308138158074
25,no,yes,animals,336 E 23rd St New York NY,22,no,yes,snowboarding:writing:scrabble,336 E 23rd St New York NY,1,0.0
38,no,yes,football:reading:camping:dancing:opera:writing,1560 Broadway New York NY,37,yes,no,skiing:snowboarding:running:knitting:dancing:opera:cooking:scrabble,451 Lexington Ave New York NY,0,0.6644236783618671
25,no,no,skiing:reading:fashion:camping:writing:scrabble,102 1st Ave New York NY,43,no,yes,skiing:soccer:running:art:opera,2271 Broadway New York NY,0,4.0948877540118405
44,no,yes,running:reading:movies,3794 Broadway New York NY,47,no,yes,football:movies:writing:shopping,3794 Broadway New York NY,1,0.0
39,no,no,computers:camping:opera:tv,154 7th Ave New York NY,48,no,yes,skiing:knitting:camping:opera:cooking,336 E 23rd St New York NY,0,0.9672209056365282
41,no,yes,skiing:soccer:reading:camping,27 3rd Ave New York NY,43,no,no,soccer:running:dancing:opera:tv,2049 Broadway New York NY,0,3.3249289135956834
37,no,yes,soccer:fashion:dancing:opera:cooking,688 8th Ave New York NY,45,no,yes,camping:opera:shopping:scrabble,427 10th Ave New York NY,1,0.6055814609523138
50,no,yes,snowboarding:soccer:camping:dancing,966 3rd Ave New York NY,25,no,yes,skiing:computers:animals:opera:shopping:travel,220 W 42nd St New York NY,1,1.1291514617695513
35,no,no,running:knitting:art:tv,541 Avenue of the Americas New York NY,23,no,no,art,208 Varick St New York NY,1,0.7761913971657645
38,no,yes,running:tv:cooking:scrabble,1286 1st Ave New York NY,24,no,yes,snowboarding:movies,2271 Broadway New York NY,1,1.7692917926164995
41,yes,no,skiing,2049 Broadway New York NY,39,no,yes,skiing:soccer:art:dancing,208 Varick St New York NY,0,3.5922477153581833
26,no,no,knitting:photography:animals:shopping,336 E 23rd St New York NY,34,yes,yes,soccer:photography:camping:movies:writing,220 W 42nd St New York NY,0,1.3631998774400955
39,yes,no,opera:tv,154 7th Ave New York NY,50,yes,no,writing:cooking,27 3rd Ave New York NY,1,0.922299485099194
40,no,no,snowboarding:dancing:scrabble,151 W 34th St New York NY,24,no,no,football:opera:scrabble,102 1st Ave New York NY,1,1.6624974050348758
47,no,yes,running,404 E 14th St New York NY,31,no,yes,computers:tv:cooking,451 Lexington Ave New York NY,1,1.5656963673973803
30,no,no,soccer:knitting:dancing:writing:shopping:tv,208 Varick St New York NY,18,no,no,knitting:opera:tv:scrabble,404 E 14th St New York NY,1,1.2306627496264142
29,yes,yes,reading:knitting:animals:cooking,208 Varick St New York NY,44,no,yes,reading:photography:animals,208 Varick St New York NY,1,0.0
21,no,no,soccer:art:dancing:movies:writing:tv,220 W 42nd St New York NY,33,no,no,running:computers:camping:shopping:tv,966 3rd Ave New York NY,0,1.1291514617695513
41,no,yes,running:photography:writing:tv,2271 Broadway New York NY,18,no,no,football:reading:photography:travel,686 Avenue of the Americas New York NY,0,3.1090001521046853
32,no,no,skiing:running:animals:movies:travel,686 Avenue of the Americas New York NY,29,no,no,football:knitting:photography:art,90 Maiden Ln New York NY,1,2.5227236405531595
19,yes,no,fashion:computers:movies:cooking,14 E 47th St New York NY,20,no,no,snowboarding:art:cooking,2049 Broadway New York NY,1,1.4842682754869563
27,no,yes,snowboarding:football:running:art:computers:tv:cooking,1560 Broadway New York NY,21,no,yes,computers,824 3rd Ave New York NY,1,0.7812851785525526
46,no,no,art:camping:opera:cooking,600 W 125th St New York NY,34,no,no,football:photography:animals:dancing,1499 3rd Ave New York NY,1,2.6365893759932493
28,no,yes,skiing:football:photography:writing:shopping,427 10th Ave New York NY,34,no,yes,fashion:computers:travel:scrabble,427 10th Ave New York NY,1,0.0
28,no,no,skiing:cooking,1560 Broadway New York NY,31,no,no,skiing:camping:dancing:cooking,686 Avenue of the Americas New York NY,1,1.2533129434394046
39,yes,no,photography:art:animals:camping:cooking:scrabble,1560 Broadway New York NY,39,no,no,knitting:computers,427 10th Ave New York NY,1,0.8264995903347176
42,yes,no,shopping:travel,154 7th Ave New York NY,18,no,no,skiing:football:running:reading:animals:camping:writing:tv:cooking,102 1st Ave New York NY,0,1.2113857148233564
47,no,no,photography:art:camping:travel:cooking,2271 Broadway New York NY,25,no,no,soccer:reading:fashion:photography:art:camping:travel:cooking,1286 1st Ave New York NY,1,1.7692917926164995
23,no,yes,fashion:computers:travel,556 7th Ave New York NY,19,no,no,skiing:running:fashion:art:computers:scrabble,686 Avenue of the Americas New York NY,0,0.9231599443342938
48,no,no,knitting:art:camping:scrabble,451 Lexington Ave New York NY,49,no,yes,camping:opera:travel,26 Bowery New York NY,0,2.8904597822281852
47,no,no,snowboarding:running:photography:dancing:opera:writing:travel:cooking,1083 2nd Ave New York NY,45,no,yes,knitting:fashion:photography:movies:tv,1560 Broadway New York NY,0,1.0419288388147094
20,yes,yes,skiing:snowboarding:soccer:computers,451 Lexington Ave New York NY,20,no,yes,snowboarding:photography,600 W 125th St New York NY,1,4.4183627911668015
34,yes,yes,computers:camping:movies:shopping:tv,27 3rd Ave New York NY,28,no,yes,snowboarding:soccer:running:reading:travel:cooking,1560 Broadway New York NY,1,2.0260888711016034
43,no,yes,reading:art:writing,824 3rd Ave New York NY,32,no,yes,fashion:photography:camping:movies:writing:cooking:scrabble,14 E 47th St New York NY,1,0.3838604569396169
33,yes,yes,snowboarding:art:animals:dancing:writing:travel:cooking,90 Maiden Ln New York NY,24,no,no,fashion:shopping:travel:cooking,208 Varick St New York NY,0,1.5011761611292995
48,no,yes,football:reading:photography:art:movies:shopping,541 Avenue of the Americas New York NY,36,yes,no,snowboarding:football:reading:art:animals:movies,26 Bowery New York NY,1,1.5765324643327394
31,no,yes,animals:camping,336 E 23rd St New York NY,39,no,yes,running:animals:travel,26 Bowery New York NY,1,1.800412987119598
29,no,no,art:camping:scrabble,2271 Broadway New York NY,22,no,yes,football:camping,451 Lexington Ave New York NY,0,2.248997092431285
46,yes,yes,animals:dancing:opera:cooking,451 Lexington Ave New York NY,25,yes,no,snowboarding:soccer:camping:cooking,824 3rd Ave New York NY,0,0.30276333395439264
30,no,no,skiing:writing,451 Lexington Ave New York NY,45,no,yes,snowboarding:knitting:movies,39 Union sq W New York NY,0,1.416135983301598
45,no,yes,snowboarding:soccer:photography:computers:dancing:opera:writing:tv:scrabble,3794 Broadway New York NY,31,no,yes,football:computers:tv:travel,90 Maiden Ln New York NY,1,9.41259088334948
40,no,no,photography:writing:travel:cooking:scrabble,154 7th Ave New York NY,43,no,no,football:camping:travel,1083 2nd Ave New York NY,1,2.092802911210854
30,no,yes,football:writing:travel,686 Avenue of the Americas New York NY,39,no,yes,skiing:snowboarding:soccer:football:dancing:travel,2271 Broadway New York NY,1,3.1090001521046853
30,no,yes,dancing,27 3rd Ave New York NY,24,yes,no,skiing:computers:travel,686 Avenue of the Americas New York NY,0,0.8650994840666716
43,no,no,fashion:dancing:movies:writing,404 E 14th St New York NY,25,no,yes,photography:camping:dancing:writing:shopping:tv,336 E 23rd St New York NY,0,0.45005214606728267
40,yes,no,snowboarding:soccer:football:reading:art:animals:dancing:movies,1286 1st Ave New York NY,47,no,yes,fashion:opera:travel:cooking:scrabble,427 10th Ave New York NY,0,2.3654471641343573
43,no,no,skiing:football:fashion:art,427 10th Ave New York NY,19,yes,yes,snowboarding:knitting:computers:animals:opera:tv,102 1st Ave New York NY,0,2.046954680391689
48,no,no,skiing:soccer:running:computers,1560 Broadway New York NY,45,yes,yes,skiing:knitting:dancing:shopping:tv,39 Union sq W New York NY,0,1.5656846593485219
33,no,no,photography:opera:scrabble,3794 Broadway New York NY,29,yes,no,football:knitting:art:camping,1286 1st Ave New York NY,1,4.7813643922420885
45,no,no,running:photography:computers:animals:shopping:travel,154 7th Ave New York NY,48,no,no,snowboarding:football:dancing,151 W 34th St New York NY,1,0.7341332400653563
21,yes,no,snowboarding:fashion:movies:tv:scrabble,90 Maiden Ln New York NY,27,no,no,reading:opera:shopping:tv:travel,220 W 42nd St New York NY,0,3.560830473747063
30,no,yes,computers:tv:travel,1188 Avenue of the Americas New York NY,32,no,yes,soccer:computers:dancing,336 E 23rd St New York NY,1,1.3994069971104957
49,no,yes,snowboarding:animals,451 Lexington Ave New York NY,38,no,no,computers:movies:tv:travel,26 Bowery New York NY,0,2.8904597822281852
40,yes,yes,skiing:running:camping,1286 1st Ave New York NY,42,no,no,snowboarding:soccer:football:running:photography:camping:tv,14 E 47th St New York NY,0,1.2734668418938158
21,no,no,skiing:football:opera,336 E 23rd St New York NY,22,no,no,dancing:tv:cooking,102 1st Ave New York NY,1,0.822570229092553
23,no,no,soccer:photography:camping,2049 Broadway New York NY,21,yes,yes,snowboarding:art:animals,686 Avenue of the Americas New York NY,0,2.5303633247623716
28,no,yes,skiing:photography:cooking,1286 1st Ave New York NY,24,no,yes,football:photography:movies:writing:travel:cooking,404 E 14th St New York NY,1,2.741149520382788
24,no,no,running:knitting:writing:tv:cooking,154 7th Ave New York NY,23,no,yes,skiing:soccer:reading,2271 Broadway New York NY,0,3.1782204044748337
19,no,no,animals:dancing:tv,824 3rd Ave New York NY,39,no,no,knitting:fashion:photography:writing,3794 Broadway New York NY,0,5.588414007814736
22,no,no,skiing:soccer:reading:knitting:photography:opera:scrabble,151 W 34th St New York NY,41,yes,no,skiing:soccer:football:photography:dancing:movies:shopping,404 E 14th St New York NY,0,1.3806022469901587
45,no,no,football:photography,3794 Broadway New York NY,32,no,yes,knitting:fashion:dancing,824 3rd Ave New York NY,0,5.588414007814736
45,no,no,skiing:football:knitting:tv,1499 3rd Ave New York NY,24,no,no,photography:dancing:shopping:travel:scrabble,102 1st Ave New York NY,0,3.9114553292567478
30,no,no,fashion:dancing:scrabble,220 W 42nd St New York NY,36,no,yes,snowboarding:movies:scrabble,26 Bowery New York NY,0,2.9033970286050983
20,yes,yes,soccer:reading:opera:scrabble,151 W 34th St New York NY,18,no,no,snowboarding:fashion:movies,451 Lexington Ave New York NY,0,0.792839121062883
20,no,no,skiing:soccer:fashion:dancing:opera:shopping:travel:cooking:scrabble,824 3rd Ave New York NY,24,yes,no,soccer:fashion:photography:computers,27 3rd Ave New York NY,0,2.0824283990489034
39,no,yes,skiing:soccer:running:reading:art:dancing:shopping:travel,600 W 125th St New York NY,49,no,yes,running:writing:shopping:cooking,824 3rd Ave New York NY,1,4.178155044709662
24,no,no,fashion:art:dancing:cooking,102 1st Ave New York NY,23,no,yes,photography:opera:tv,336 E 23rd St New York NY,0,0.822570229092553
49,no,no,skiing:knitting:art:animals:camping:tv:scrabble,404 E 14th St New York NY,20,no,yes,football:computers:animals:opera:writing:shopping,427 10th Ave New York NY,0,1.8351214552592623
40,no,yes,skiing:soccer:football:computers:movies,3794 Broadway New York NY,40,yes,yes,skiing:snowboarding:football:opera:scrabble,220 W 42nd St New York NY,1,5.864353020749814
49,yes,no,knitting:writing:shopping,427 10th Ave New York NY,25,no,no,skiing:football:knitting:photography:shopping,3794 Broadway New York NY,1,6.251332543921483
37,no,no,soccer:fashion:opera,427 10th Ave New York NY,48,no,yes,writing:travel:cooking,208 Varick St New York NY,0,1.8027368176820533
34,yes,no,movies:cooking,556 7th Ave New York NY,37,yes,no,skiing:football:photography:art:writing:scrabble,688 8th Ave New York NY,1,0.2536181638381201
31,no,yes,snowboarding:fashion:camping,90 Maiden Ln New York NY,50,yes,yes,skiing:snowboarding:soccer:shopping,1499 3rd Ave New York NY,1,5.6255399480360815
28,no,no,snowboarding:cooking,27 3rd Ave New York NY,26,no,no,knitting:fashion:photography:art:camping:scrabble,427 10th Ave New York NY,1,1.7728216482514905
31,no,no,soccer:reading,404 E 14th St New York NY,46,no,no,snowboarding:soccer:running:reading:knitting:photography:computers:shopping,427 10th Ave New York NY,1,1.8351214552592623
30,no,no,skiing,102 1st Ave New York NY,41,yes,no,knitting:opera:writing:tv:travel:scrabble,966 3rd Ave New York NY,1,2.5693805372169116
23,no,yes,computers:tv,404 E 14th St New York NY,34,no,yes,soccer:football:running:camping:dancing,27 3rd Ave New York NY,0,0.4057550421446678
42,no,no,running:photography:writing:travel:cooking,1560 Broadway New York NY,22,no,yes,running:art:animals:dancing:shopping:tv,336 E 23rd St New York NY,0,1.4998244391083737
50,no,no,snowboarding:running:fashion:writing:tv:cooking,27 3rd Ave New York NY,43,no,no,snowboarding:fashion:animals:writing:travel,39 Union sq W New York NY,1,0.47673342701043014
43,yes,no,knitting:photography:animals:dancing,427 10th Ave New York NY,45,no,no,knitting:computers:writing:cooking,966 3rd Ave New York NY,1,1.761178378015806
24,no,yes,snowboarding:running:fashion:cooking,1560 Broadway New York NY,44,no,no,soccer:photography:writing,2049 Broadway New York NY,0,1.298963666829933
25,no,yes,soccer:football:reading,2049 Broadway New York NY,18,no,yes,football:reading,541 Avenue of the Americas New York NY,1,2.856585726895565
39,no,yes,running:fashion:art:travel,556 7th Ave New York NY,39,no,no,knitting:photography,404 E 14th St New York NY,0,1.645647603887479
27,no,no,running:fashion:computers,966 3rd Ave New York NY,20,no,yes,running:reading:knitting:dancing:writing:tv:cooking:scrabble,966 3rd Ave New York NY,0,0.0